"id","gender","name","surname","middle_name","birthday","number_phone","email_adress","date_registr","visit","colvo_visit","tag","photo","files"
1,1,Иосиф  ,Голубев,Тимофеевич,1982-05-06,"7(78)972-73-11",smcnab@batt.net,2018-08-18,1,435,,Клиенты\m18.jpg,
2,2,Алла,Ермакова,Мироновна,1976-01-22,"7(06)437-13-73",whimsy@aol.com,2017-02-09,,455,,Клиенты\48.jpg,
3,1,Глеб,Селиверстов,Максимович,1999-06-20,"7(20)554-28-68",jigsaw@sbcglobal.net,2016-01-07,,3456,,Клиенты\m37.jpg,
4,1,Юстиниан,Агафонов,Олегович,1997-02-02,"7(303)810-28-78",staffelb@sbcglobal.net,2016-06-08,,1234,,Клиенты\m1.jpg,
5,2,Злата,Колобова,Романовна,1994-08-25,"7(50)884-07-35",sinkou@aol.com,2016-12-03,,24535,,Клиенты\18.jpg,
6,2,Дарина,Сысоева,Ярославовна,1982-02-03,"7(0698)387-96-04",treit@verizon.net,2016-05-13,,,,Клиенты\32.jpg,
7,1,Варлам,Некрасов,Михайлович,2000-11-12,"7(019)258-06-35",dogdude@verizon.net,2017-12-03,,,,Клиенты\m42.jpg,
8,1,Наум,Крюков,Ильяович,1993-11-17,"7(81)657-88-92",floxy@hotmail.com,2017-02-01,,,,Клиенты\m30.jpg,
9,2,Татьяна,Сидорова,Михайловна,1974-04-24,"7(51)732-91-79",tbeck@mac.com,2018-10-03,,,,Клиенты\42.jpg,
10,2,Альжбета,Трофимова,Якововна,1988-10-22,"7(1084)658-92-95",gbacon@mac.com,2017-09-21,,,,Клиенты\25.jpg,
11,1,Адриан,Новиков,Аркадьевич,1974-01-15,"7(70)572-33-62",multiplx@verizon.net,2018-11-23,,,,Клиенты\m40.jpg,
12,2,Иветта,Мишина,Андреевна,2002-10-05,"7(3926)244-81-96",aukjan@yahoo.com,2016-01-24,,,,Клиенты\30.jpg,
13,1,Геннадий,Шестаков,Рубенович,2001-07-01,"7(2066)037-11-60",tokuhirom@live.com,2018-12-08,,,,Клиенты\m41.jpg,
14,1,Матвей,Зуев,Иванович,1981-03-28,"7(5383)893-04-66",brickbat@verizon.net,2018-12-18,,,,Клиенты\m38.jpg,
15,2,Георгина,Турова,Семёновна,1974-05-28,"7(555)321-42-99",yruan@optonline.net,2018-02-22,,,,Клиенты\27.jpg,
16,1,Валентин,Анисимов,Пантелеймонович,2000-12-10,"7(700)326-70-24",aaribaud@hotmail.com,2018-01-20,,,,Клиенты\m99.jpg,
17,2,Тамара,Анисимова,Витальевна,1988-06-16,"7(66)128-04-10",schwaang@mac.com,2016-02-25,,,,Клиенты\2.jpg,
18,1,Орест,Колобов,Юлианович,2001-07-14,"7(1680)508-58-26",parkes@verizon.net,2017-01-01,,,,Клиенты\m27.jpg,
19,1,Аристарх,Филатов,Дмитриевич,1989-05-29,"7(696)235-29-24",hampton@att.net,2017-01-11,,,,Клиенты\m43.jpg,
20,2,Влада,Орлова,Мартыновна,1990-06-26,"7(2506)433-38-35",rnelson@yahoo.ca,2016-03-21,,,,Клиенты\22.jpg,
21,2,Элина,Алексеева,Матвеевна,2002-05-07,"7(8086)245-64-81",pthomsen@verizon.net,2018-03-28,,,,Клиенты\1.jpg,
22,1,Агафон,Бобров,Лаврентьевич,1995-07-29,"7(2159)507-39-57",petersen@comcast.net,2017-05-09,,,,Клиенты\m35.jpg,
23,2,Инара,Бирюкова,Улебовна,1978-07-21,"7(098)346-50-58",smpeters@hotmail.com,2017-10-01,,,,Клиенты\5.jpg,
24,1,Марк,Панфилов,Рудольфович,1991-04-13,"7(764)282-55-22",cremonini@optonline.net,2016-02-23,,,,Клиенты\m45.jpg,
25,2,Алина,Колесникова,Еремеевна,2001-04-19,"7(74)977-39-71",gfxguy@outlook.com,2017-01-18,,,,Клиенты\40.jpg,
26,1,Наум,Морозов,Валерьянович,1985-07-04,"7(636)050-96-13",salesgeek@mac.com,2016-05-02,,,,Клиенты\m49.jpg,
27,1,Давид,Горбачёв,Тимурович,1983-05-22,"7(53)602-85-41",hedwig@att.net,2018-12-17,,,,Клиенты\m36.jpg,
28,1,Оскар,Васильев,Богданович,1971-01-30,"7(585)801-94-29",miturria@verizon.net,2017-05-28,,,,Клиенты\m15.jpg,
29,2,Номи,Ершова,Андреевна,2001-09-13,"7(7757)315-90-99",miltchev@mac.com,2016-06-30,,,,Клиенты\14.jpg,
30,1,Святослав,Медведев,Юлианович,1972-10-04,"7(3520)435-21-20",hllam@comcast.net,2018-10-13,,,,Клиенты\m13.jpg,
31,2,Эльмира,Баранова,Дмитриевна,1977-01-15,"7(9240)643-15-50",jgmyers@comcast.net,2016-07-08,,,,Клиенты\4.jpg,
32,2,Харита,Попова,Якуновна,1997-12-16,"7(335)386-81-06",firstpr@verizon.net,2016-07-05,,,,Клиенты\36.jpg,
33,1,Аверкий,Кудряшов,Константинович,1991-07-26,"7(88)732-96-30",nanop@msn.com,2018-03-08,,,,Клиенты\m33.jpg,
34,2,Марта,Горшкова,Иосифовна,2001-02-13,"7(544)650-59-03",gbacon@mac.com,2016-08-04,,,,Клиенты\9.jpg,
35,1,Богдан,Кудрявцев,Христофорович,1988-02-27,"7(20)131-84-09",lukka@hotmail.com,2016-10-07,,,,Клиенты\m31.jpg,
36,1,Яков,Гусев,Авксентьевич,1995-12-10,"7(0972)781-11-37",jdhedden@icloud.com,2017-11-20,,,,Клиенты\m20.jpg,
37,2,Авигея,Крюкова,Святославовна,2000-08-10,"7(499)318-88-53",simone@gmail.com,2018-01-03,,,,Клиенты\19.jpg,
38,2,Амелия,Степанова,Робертовна,1970-06-06,"7(1217)441-28-42",rasca@hotmail.com,2017-09-27,,,,Клиенты\15.jpg,
39,2,Божена,Суворова,Анатольевна,1981-03-09,"7(347)895-86-57",attwood@aol.com,2016-01-28,,,,Клиенты\34.jpg,
40,1,Аввакум,Борисов,Артемович,1974-04-25,"7(2296)930-08-88",chlim@live.com,2017-03-11,,,,Клиенты\m12.jpg,
41,1,Георгий,Бобылёв,Витальевич,1983-12-19,"7(88)685-13-51",csilvers@mac.com,2018-04-06,,,,Клиенты\m11.jpg,
42,1,Вольдемар,Дроздов,Артемович,1976-02-07,"7(307)456-99-05",smpeters@me.com,2017-07-18,,,,Клиенты\m21.jpg,
43,2,Сабрина,Беляева,Федосеевна,1972-07-26,"7(6580)534-32-58",agapow@gmail.com,2017-06-14,,,,Клиенты\47.jpg,
44,1,Пантелеймон,Блохин,Феликсович,1978-03-06,"7(9524)556-48-98",balchen@comcast.net,2018-02-14,,,,Клиенты\m8.jpg,
45,2,Гелла,Шашкова,Эдуардовна,1979-02-24,"7(57)446-21-04",jadavis@mac.com,2016-11-16,,,,Клиенты\43.jpg,
46,1,Артур,Калашников,Юрьевич,1972-12-13,"7(147)947-47-21",oevans@aol.com,2017-08-20,,,,Клиенты\m10.jpg,
47,2,Анэля,Корнилова,Михайловна,1973-04-02,"7(20)980-01-60",jonathan@aol.com,2016-05-22,,,,Клиенты\26.jpg,
48,2,Янита,Гущина,Федоровна,1999-03-02,"7(4544)716-68-96",lishoy@att.net,2018-02-01,,,,Клиенты\11.jpg,
49,1,Людвиг,Волков,Витальевич,1977-12-27,"7(8459)592-05-58",jrkorson@msn.com,2016-04-27,,,,Клиенты\m50.jpg,
50,1,Терентий,Князев,Валерьевич,1991-06-19,"7(98)397-23-23",rjones@aol.com,2018-06-25,,,,Клиенты\m26.jpg,
51,1,Гаянэ,Силин,Анатольевич,1976-05-27,"7(4547)615-22-69",multiplx@comcast.net,2017-05-05,,,,Клиенты\m46.jpg,
52,1,Дмитрий,Казаков,Русланович,1978-12-15,"7(51)682-19-40",ozawa@verizon.net,2016-05-21,,,,Клиенты\m44.jpg,
53,2,Роза,Гусева,Дмитриевна,1999-02-13,"7(23)064-51-84",martyloo@live.com,2017-12-12,,,,Клиенты\10.jpg,
54,2,Марфа,Мамонтова,Мироновна,1984-10-19,"7(38)095-64-18",rfoley@verizon.net,2018-02-27,,,,Клиенты\29.jpg,
55,1,Эрик,Галкин,Онисимович,1975-01-18,"7(759)873-77-39",snunez@verizon.net,2016-07-19,,,,Клиенты\m16.jpg,
56,2,Прасковья,Архипова,Валерьевна,1979-01-09,"7(86)540-10-21",cgcra@live.com,2018-07-23,,,,Клиенты\33.jpg,
57,2,Лаура,Овчинникова,Еремеевна,1992-04-03,"7(85)829-33-79",carcus@yahoo.ca,2018-11-24,,,,Клиенты\35.jpg,
58,2,Патрисия,Андреева,Валерьевна,1993-11-18,"7(9648)953-81-26",jigsaw@aol.com,2016-07-17,,,,Клиенты\37.jpg,
59,1,Самуил,Авдеев,Улебович,1996-07-04,"7(3168)043-63-31",cliffordj@mac.com,2016-02-11,,,,Клиенты\m96.jpg,
60,2,Светлана,Бурова,Лукьевна,1979-01-04,"7(358)173-82-21",wsnyder@aol.com,2016-10-13,,,,Клиенты\39.jpg,
61,1,Глеб,Ершов,Федорович,1970-06-14,"7(2608)298-40-82",sjava@aol.com,2016-09-14,,,,Клиенты\m23.jpg,
62,1,Захар,Игнатов,Павлович,1998-10-07,"7(578)574-73-36",dieman@icloud.com,2017-11-10,,,,Клиенты\m98.jpg,
63,2,Амалия,Комиссарова,Робертовна,1971-08-18,"7(22)647-46-32",jorgb@msn.com,2017-08-04,,,,Клиенты\17.jpg,
64,1,Трофим,Быков,Константинович,1994-12-20,"7(3414)460-12-05",jguyer@aol.com,2016-04-17,,,,Клиенты\m14.jpg,
65,1,Леонтий,Кузьмин,Валерьянович,2000-05-05,"7(1340)148-90-68",msloan@hotmail.com,2017-10-12,,,,Клиенты\m17.jpg,
66,2,Диана,Белозёрова,Антоновна,1989-02-27,"7(9900)174-59-87",dialworld@aol.com,2017-01-30,,,,Клиенты\7.jpg,
67,1,Евгений,Блинов,Мэлсович,1994-01-05,"7(0852)321-82-64",moxfulder@outlook.com,2017-05-07,,,,Клиенты\m7.jpg,
68,1,Алексей,Лазарев,Богданович,1977-03-10,"7(0055)737-37-48",claesjac@me.com,2017-01-02,,,,Клиенты\m48.jpg,
69,2,Розалия,Афанасьева,Макаровна,1977-05-01,"7(0661)413-23-32",malattia@hotmail.com,2017-09-06,,,,Клиенты\31.jpg,
70,2,Эдита,Дементьева,Онисимовна,1975-09-17,"7(198)922-28-76",frosal@hotmail.com,2018-11-24,,,,Клиенты\38.jpg,
71,1,Петр,Калинин,Иванович,1993-09-08,"7(90)316-07-17",aschmitz@hotmail.com,2016-05-26,,,,Клиенты\m47.jpg,
72,1,Станислав,Андреев,Максович,1975-10-10,"7(02)993-91-28",budinger@mac.com,2017-12-26,,,,Клиенты\m3.jpg,
73,1,Устин,Киселёв,Яковлевич,1985-01-08,"7(83)334-52-76",dalamb@verizon.net,2018-06-21,,,,Клиенты\m25.jpg,
74,1,Павел,Гордеев,Семенович,1984-09-06,"7(5243)599-66-72",dawnsong@verizon.net,2016-07-19,,,,Клиенты\m19.jpg,
75,2,Никки,Горбачёва,Еремеевна,1987-04-21,"7(94)789-69-20",chinthaka@att.net,2018-08-16,,,,Клиенты\8.jpg,
76,1,Касьян,Копылов,Робертович,1983-08-04,"7(5774)679-82-06",crobles@sbcglobal.net,2018-03-18,,,,Клиенты\m29.jpg,
77,1,Витольд,Ефремов,Авксентьевич,1975-12-02,"7(93)922-14-03",kwilliams@yahoo.ca,2018-04-09,,,,Клиенты\m28.jpg,
78,1,Михаил,Баранов,Романович,1997-07-12,"7(750)985-94-13",bigmauler@outlook.com,2018-10-07,,,,Клиенты\m5.jpg,
79,1,Элина,Дмитриева,Даниловна,1988-12-10,"7(787)140-48-84",vmalik@live.com,2017-02-11,,,,Клиенты\12.jpg,
80,1,Осип,Федотов,Анатольевич,1971-04-13,"7(590)702-33-06",breegster@hotmail.com,2018-07-23,,,,Клиенты\m9.jpg,
81,2,Тала,Быкова,Георгьевна,2000-02-22,"7(13)915-53-53",ganter@optonline.net,2016-08-13,,,,Клиенты\6.jpg,
82,1,Вадим,Дементьев,Ростиславович,1993-07-10,"7(79)330-46-15",jacks@aol.com,2018-03-05,,,,Клиенты\m39.jpg,
83,1,Макар,Евсеев,Васильевич,1977-09-13,"7(2141)077-85-70",parsimony@sbcglobal.net,2018-12-05,,,,Клиенты\m22.jpg,
84,1,Станислав,Абрамов,Филатович,1989-05-18,"7(6545)478-87-79",solomon@att.net,2016-12-08,,,,Клиенты\m32.jpg,
85,2,Лиза,Артемьева,Максимовна,1996-05-17,"7(696)972-70-21",snunez@yahoo.ca,2018-10-07,,,,Клиенты\3.jpg,
86,2,Дэнна,Кузьмина,Витальевна,1993-08-24,"7(9940)977-45-73",nichoj@mac.com,2016-03-27,,,,Клиенты\20.jpg,
87,2,Магда,Ефимова,Платоновна,1995-08-16,"7(9261)386-15-92",rbarreira@me.com,2017-08-01,,,,Клиенты\16.jpg,
88,1,Альберт,Ефимов,Проклович,1997-10-29,"7(416)375-97-19",houle@live.com,2018-06-21,,,,Клиенты\m6.jpg,
89,2,Эльвина,Лазарева,Робертовна,1996-02-16,"7(5564)609-81-37",ahuillet@comcast.net,2018-04-11,,,,Клиенты\28.jpg,
90,2,Изабелла,Воронова,Вячеславовна,1999-09-24,"7(17)433-44-98",kildjean@sbcglobal.net,2017-12-21,,,,Клиенты\21.jpg,
91,2,Эвелина,Куликова,Вячеславовна,1997-11-14,"7(0236)682-42-78",ilikered@hotmail.com,2018-02-01,,,,Клиенты\23.jpg,
92,2,Амалия,Егорова,Дамировна,1999-09-28,"7(7486)408-12-26",drezet@yahoo.com,2016-06-30,,,,Клиенты\13.jpg,
93,1,Станислав,Александров,Эдуардович,1981-07-04,"7(18)164-05-12",bigmauler@aol.com,2018-11-08,,,,Клиенты\m2.jpg,
94,1,Демьян,Цветков,Львович,1996-03-29,"7(93)546-43-73",hauma@icloud.com,2016-02-12,,,,Клиенты\m4.jpg,
95,2,Юнона,Устинова,Валентиновна,1982-08-08,"7(33)367-13-07",kempsonc@live.com,2017-05-28,,,,Клиенты\44.jpg,
96,2,Любава,Костина,Авксентьевна,1972-07-13,"7(6419)959-21-87",gordonjcp@hotmail.com,2016-02-26,,,,Клиенты\41.jpg,
97,1,Мартын,Смирнов,Арсеньевич,1996-06-25,"7(6251)589-02-43",haddawy@live.com,2017-02-07,,,,Клиенты\m34.jpg,
98,2,Сандра,Федотова,Владленовна,1985-03-29,"7(126)195-25-86",penna@verizon.net,2016-11-08,,,,Клиенты\24.jpg,
99,1,Леонтий,Журавлёв,Яковлевич,2000-03-02,"7(4403)308-56-96",cmdrgravy@me.com,2018-01-15,,,,Клиенты\m24.jpg,
100,2,Вадим,Большаков,Данилович,1970-05-15,"7(386)641-13-37",uncle@gmail.com,2018-08-04,,,,Клиенты\m97.jpg,
101,2,ret,et,trt,2024-09-13,"345",rfdgfd@fdg.ru,292269055-12-03,,,,Клиенты/1.jpg,
